-- 테이블 데이터 gunvie.user:~0 rows (대략적) 내보내기
INSERT INTO user (id, birth, created_at, deleted_at, email, gender, img, login_id, login_type, name, password, sns_id, updated_at) VALUES (1, '19980314', '2023-03-22 12:45:28.464046', NULL, 'myungjin2009@naver.com', NULL, NULL, 'myungjin2009', 'LOCAL', '김명진', '$2a$10$rNxmO4OFY0FrlrEjV2XCDOw8Upw9AdTXG4fPLSnYbtBxXWPold00m', NULL, '2023-03-22 12:45:28.464046'),(2, '19921215', '2023-03-22 12:50:01.524621', NULL, 'john.doe@gmail.com', 'MALE', NULL, 'johndoe', 'LOCAL', 'John Doe', '$2a$10$zoN5LP/VZl4L9IhFThjNHOQ2q3cmflExzry2mLoYJclhc6mDx/jZG', NULL, '2023-03-22 12:50:01.524621'), (3, '19870404', '2023-03-22 13:02:08.897071', NULL, 'jane.doe@hotmail.com', 'FEMALE', NULL, 'janedoe', 'LOCAL', 'Jane Doe', '$2a$10$N7Jr8PhqlHlL2QxN9AaJXeNp.CSDd7vNwkgmGK7Rc8s/jWV7AMC3O', NULL, '2023-03-22 13:02:08.897071'), (4, '19981022', '2023-03-22 13:10:45.345736', NULL, 'sarah.smith@yahoo.com', 'FEMALE', NULL, 'sarahsmith', 'LOCAL', 'Sarah Smith', '$2a$10$eyzJiNq3OEN2tCvB21BNduLdlyteOJHMQwhZpPVEoLzJGq/L3q2e2', NULL, '2023-03-22 13:10:45.345736'), (5, '19900511', '2023-03-22 13:20:34.201412', NULL, 'james_wilson@gmail.com', 'MALE', NULL, 'jameswilson', 'LOCAL', 'James Wilson', '$2a$10$ETGbFJ5ue5jE9rkBOY25NecM6GTfjGwNBO1q3yx5x5hm5tk5i5hZ2', NULL, '2023-03-22 13:20:34.201412'), (6, '19931231', '2023-03-22 13:35:11.012333', NULL, 'amy_johnson@hotmail.com', 'FEMALE', NULL, 'amyjohnson', 'LOCAL', 'Amy Johnson', '$2a$10$Clv0Ae3iOhtXGKbMJpNvve/NntA/ylElyjRkg/jEKAr8I2zk/3z1G', NULL, '2023-03-22 13:35:11.012333'), (7, '19850101', '2023-03-22 13:42:55.209345', NULL, 'kevin_lee@yahoo.com', 'MALE', NULL, 'kevinlee', 'LOCAL', 'Kevin Lee', '$2a$10$g7VZQwJZM8AaYzaKqw1QxOlKgDvGT74oDd20lyFAnfZCgKoYsBdG.', NULL, '2023-03-22 13:42:55.209345'), (8, '20000701', '2023-03-22 14:02:13.104291', NULL, 'lucy_wong@gmail.com', 'FEMALE', NULL, 'lucywong', 'LOCAL', 'Lucy Wong', '$2a$10$vKZc2wnJh/NGomC0dmdW8OaLHg9fLhIvNgbEzByj1u2QhJbUsYlva', NULL, '2023-03-22 14:02:13.104291'), (9, '19941111', '2023-03-22 14:11:57.645854', NULL, 'david_kim@hotmail.com', 'MALE', NULL, 'davidkim', 'LOCAL', 'David Kim', '$2a$10$Mc.AkD/8ZIzSlpRHjWEsG.y.1UBsJ4x4yUf9X09cR6U8gT6TApFr2', NULL, '2023-03-22 14:11:57.645854'), (10, '19890214', '2023-03-22 14:25:30.885402', NULL, 'jennifer.choi@yahoo.com', 'FEMALE', NULL, 'jenniferchoi', 'LOCAL', 'Jennifer Choi', '$2a$10$no4c4z.GuJGxKBxM90KjSOIDcYBNOHfZVJMBDhyu1y.RQ2hz.8xcy', NULL, '2023-03-22 14:25:30.885402'), (11, '19990101', '2023-04-05 13:00:00', NULL, 'user11@example.com', 'MALE', NULL, 'user11', 'LOCAL', '홍길동', '$2a$10$8TbTJ0s01PwMafQ2Jx8uKu6Y9X6DzKmQlLkRzRJyFm6GXMTel6qxi', NULL, '2023-04-05 13:00:00'), (12, '19990202', '2023-04-05 13:00:00', NULL, 'user12@example.com', 'FEMALE', NULL, 'user12', 'LOCAL', '이영희', '$2a$10$Pbbj.YpsDWvUt1MRYL1eAeEonf3qUx0zLpTllgz9iyfT85qGNzGGS', NULL, '2023-04-05 13:00:00'), (13, '19990303', '2023-04-05 13:00:00', NULL, 'user13@example.com', 'MALE', NULL, 'user13', 'LOCAL', '박철수', '$2a$10$wE7vQ2W0EN8hVY2t4soe7.iGcCVSCu8oHeOaSgHLf7v1KtD8HsjZ.', NULL, '2023-04-05 13:00:00'), (14, '19990404', '2023-04-05 13:00:00', NULL, 'user14@example.com', 'FEMALE', NULL, 'user14', 'LOCAL', '최민수', '$2a$10$wjRhDUJPKWmX8hOZVAsaZOIUsJ7e2aKjwv7FdGkMVsc./mOf1vpJm', NULL, '2023-04-05 13:00:00'), (15, '19990505', '2023-04-05 13:00:00', NULL, 'user15@example.com', 'MALE', NULL, 'user15', 'LOCAL', '강동원', '$2a$10$0sucGdAQuCfNioA0GG0hquPShxTLevZVzliXAMnTG7VAsXLgydPvC', NULL, '2023-04-05 13:00:00'), (16, '19990606', '2023-04-05 13:00:00', NULL, 'user16@example.com', 'FEMALE', NULL, 'user16', 'LOCAL', '김미영', '$2a$10$ax1gqFEpV7fJ0XcCBV7NheayzKjV7XdHZ2f/1VRRJERxUGz.RZcY2', NULL, '2023-04-05 13:00:00'), (17, '19921212', '2023-04-05 09:45:00', NULL, 'test17@gmail.com', 'FEMALE', NULL, 'test2', 'LOCAL', '박서준', '$2a$10$rcu2ZdOlV7IzB/YfFVcwpOe5e9ivkVyMiAX1YLR.L7lArwxdGdZ7q', NULL, '2023-04-05 09:45:00'), (18, '19980908', '2023-04-05 10:00:00', NULL, 'test18@gmail.com', 'MALE', NULL, 'test3', 'LOCAL', '이승기', '$2a$10$rcu2ZdOlV7IzB/YfFVcwpOe5e9ivkVyMiAX1YLR.L7lArwxdGdZ7q', NULL, '2023-04-05 10:00:00'), (19, '19930101', '2023-04-05 10:15:00', NULL, 'test19@gmail.com', 'FEMALE', NULL, 'test4', 'LOCAL', '장원영', '$2a$10$rcu2ZdOlV7IzB/YfFVcwpOe5e9ivkVyMiAX1YLR.L7lArwxdGdZ7q', NULL, '2023-04-05 10:15:00'), (20, '19951111', '2023-04-05 10:30:00', NULL, 'test20@gmail.com', 'MALE', NULL, 'test5', 'LOCAL', '윤식당', '$2a$10$rcu2ZdOlV7IzB/YfFVcwpOe5e9ivkVyMiAX1YLR.L7lArwxdGdZ7q', NULL, '2023-04-05 10:30:00');

-- 테이블 데이터 gunvie.movie:~10 rows (대략적) 내보내기
INSERT INTO movie (id, audi_acc, audi_cnt, created_at, deleted_at, movie_cd, name, open_dt, range_date, rank_mv, sales_acc, updated_at) VALUES(1, '64954', '64954', '2023-03-22', NULL, '20230533', '귀멸의 칼날: 상현집결, 그리고 도공 마을로', '2023-03-02', '2023-03-02', 1, '817885200', '2023-03-22'), (2, '239670', '47051', '2023-03-22', NULL, '20208962', '대외비', '2023-03-01', '2023-03-02', 2, '2341785783', '2023-03-22'), (3, '68842', '16870', '2023-03-22', NULL, '20230495', '아임 히어로 더 파이널', '2023-03-01', '2023-03-02', 3, '1651991500', '2023-03-22'), (4, '3727604', '14190', '2023-03-22', NULL, '20228555', '더 퍼스트 슬램덩크', '2023-01-04', '2023-03-02', 4, '38319097385', '2023-03-22'), (5, '288053', '11070', '2023-03-22', NULL, '20239573', '서치 2', '2023-02-22', '2023-03-02', 5, '2804091696', '2023-03-22'), (6, '1444529', '10943', '2023-03-22', NULL, '20230209', '앤트맨과 와스프: 퀀텀매니아', '2023-02-15', '2023-03-02', 6, '15264079042', '2023-03-22'), (7, '310581', '8421', '2023-03-22', NULL, '20193706', '카운트', '2023-02-22', '2023-03-02', 7, '2961566636', '2023-03-22'), (8, '48340', '7600', '2023-03-22', NULL, '20227684', '멍뭉이', '2023-03-01', '2023-03-02', 8, '456383432', '2023-03-22'), (9, '104055', '3988', '2023-03-22', NULL, '20210684', '두다다쿵: 후후섬의 비밀', '2023-02-15', '2023-03-02', 9, '933034449', '2023-03-22'), (10, '137066', '3034', '2023-03-22', NULL, '20202026', '마루이 비디오', '2023-02-22', '2023-03-02', 10, '1389578900', '2023-03-22');

-- Follow
INSERT INTO follow (created_at, updated_at, following_id, follower_id) VALUES ('2023-04-05 12:21:39.298581', NULL, 2, 1), ('2023-04-05 12:21:39.332362', NULL, 3, 1), ('2023-04-05 12:21:39.332362', NULL, 4, 1), ('2023-04-05 12:21:39.332362', NULL, 5, 1), ('2023-04-05 12:21:39.332362', NULL, 6, 1), ('2023-04-05 12:21:39.332362', NULL, 7, 1), ('2023-04-05 12:21:39.332362', NULL, 8, 1), ('2023-04-05 12:21:39.332362', NULL, 9, 1), ('2023-04-05 12:21:39.332362', NULL, 10, 1), ('2023-04-05 12:21:39.332362', NULL, 11, 1), ('2023-04-05 12:21:39.332362', NULL, 12, 1), ('2023-04-05 12:21:39.332362', NULL, 13, 1), ('2023-04-05 12:21:39.332362', NULL, 14, 1), ('2023-04-05 12:21:39.332362', NULL, 15, 1), ('2023-04-05 12:21:39.332362', NULL, 16, 1), ('2023-04-05 12:21:39.332362', NULL, 17, 1), ('2023-04-05 12:21:39.332362', NULL, 18, 1), ('2023-04-05 12:21:39.332362', NULL, 19, 1), ('2023-04-05 12:21:39.332362', NULL, 20, 1), ('2023-03-01 12:34:56', NULL, 1, 9), ('2023-03-02 01:23:45', NULL, 1, 16), ('2023-03-03 10:20:30', NULL, 1, 3), ('2023-03-04 11:22:33', NULL, 1, 5), ('2023-03-05 09:08:07', NULL, 1, 20), ('2023-03-06 14:15:16', NULL, 1, 12), ('2023-03-07 03:45:56', NULL, 1, 11), ('2023-03-15 17:16:18', NULL, 1, 13), ('2023-03-25 22:33:44', NULL, 1, 2), ('2023-03-26 08:09:15', NULL, 1, 17), ('2023-03-27 16:42:53', NULL, 1, 4), ('2023-03-28 05:35:20', NULL, 1, 7), ('2023-03-29 13:28:09', NULL, 1, 19), ('2023-03-30 19:55:10', NULL, 1, 14), ('2023-03-31 02:47:03', NULL, 1, 6);

-- Estimate
INSERT INTO estimate (created_at, deleted_at, images, start_rating, text, updated_at, user_id, movie_id) VALUES ('2023-04-17 21:28:42.728430', NULL, 'aaa.png', 1, '진짜 노잼!!', '2023-04-17 21:28:42.728430', 1, 2), ('2023-04-17 21:30:00.123456', NULL, 'bbb.png', 4, '아주 좋았습니다.', '2023-04-17 21:30:00.123456', 7, 9), ('2023-04-17 21:31:12.345678', NULL, 'ccc.png', 2, '평범했어요.', '2023-04-17 21:31:12.345678', 10, 4), ('2023-04-17 21:32:34.567890', NULL, 'ddd.png', 5, '너무 재밌었습니다!', '2023-04-17 21:32:34.567890', 15, 8), ('2023-04-17 21:33:21.234567', NULL, 'eee.png', 3, '그저 그랬어요.', '2023-04-17 21:33:21.234567', 3, 6), ('2023-04-17 21:35:00.098765', NULL, 'fff.png', 2, '기대하진 말아야겠어요.', '2023-04-17 21:35:00.098765', 12, 1), ('2023-04-17 21:36:54.321098', NULL, 'ggg.png', 4, '흥미로웠습니다!', '2023-04-17 21:36:54.321098', 18, 3), ('2023-04-17 21:38:07.654321', NULL, 'hhh.png', 3, '괜찮았어요.', '2023-04-17 21:38:07.654321', 6, 10), ('2023-04-17 21:39:45.432109', NULL, 'iii.png', 5, '대박이에요!', '2023-04-17 21:39:45.432109', 19, 5), ('2023-04-17 21:41:12.345678', NULL, 'jjj.png', 1, '별로였어요.', '2023-04-17 21:41:12.345678', 8, 7);